algo,input,n,millis,compares,moves,height
merge,random,1000,1.1664999183267355,8711,9976,
quick,random,1000,1.0711000068113208,11561,6560,
tree,random,1000,0.7602000841870904,10323,1000,18
merge,random,3000,4.039900028146803,30871,34904,
quick,random,3000,3.797499928623438,41322,21920,
tree,random,3000,2.9331999830901623,40718,3000,26
merge,random,10000,15.341700054705143,120552,133616,
quick,random,10000,13.92109994776547,154912,81042,
tree,random,10000,10.938200051896274,152799,10000,31
merge,random,30000,50.72289996314794,408677,447232,
quick,random,30000,47.38190001808107,540879,265610,
tree,random,30000,37.027099984698,515388,30000,35
merge,random,100000,191.1437000380829,1536208,1668928,
quick,random,100000,171.289199963212,1961861,969952,
tree,random,100000,156.8401000695303,2031183,100000,41
